seed,hopper_expert_T1,hopper_expert_T2,hopper_expert_T4,hopper_expert_T8,hopper_expert_T20,hopper_replay_T1,hopper_replay_T2,hopper_replay_T4,hopper_replay_T8,hopper_replay_T20,walker2d_expert_T1,walker2d_expert_T2,walker2d_expert_T4,walker2d_expert_T8,walker2d_expert_T20,walker2d_replay_T1,walker2d_replay_T2,walker2d_replay_T4,walker2d_replay_T8,walker2d_replay_T20
0,0.47335605602984826,1.0978136177911983,1.1071590900161552,1.1256126699642484,1.1149865083390564,0.14025545683520677,0.9911025732818511,0.511845187791099,0.9800031325005504,0.9797952357158918,1.0759065092463713,1.0798601569265744,1.0871265901935727,1.0791576102064662,1.081595662162336,0.15823110886628708,0.052682928922413254,0.3530705156765165,0.7927890405284397,0.19955115084577016
1,0.6510461358337666,1.1000314670164064,1.1079207910255138,1.0854376137589175,1.1195676623507373,0.21979139856433377,0.8646442905458708,0.4291178983799821,0.9966616623724912,0.8165708581549734,1.082224533148575,1.0934320582145842,1.0869567236214497,1.0731368065971525,1.090473681712721,0.05943828693604042,0.77824811552236,0.08221031934452162,0.8239837138555669,0.17968754840192533
2,0.4805988042263627,1.0994697169687127,1.109216984242982,1.1290262227308818,1.1015851500749254,0.13563690781813623,0.9424281177898335,0.9694332026935182,1.003900341465017,0.5887200310418088,1.0812974143415321,1.0774824355770427,1.0862295841191982,1.0852262161706165,0.9959338767756652,0.6914002639826385,0.22791813702507352,0.8787123473539553,0.6665560889923419,0.8402937789860737
3,0.5284391493731299,1.1197083510197579,1.1251873071569838,1.1186904505061948,1.141281483716037,0.24956503074590375,0.236893563615148,0.48198428170950147,0.9947670759420061,0.9919491890744676,1.0841947048785228,1.0786505209118618,1.08933449891878,1.0746119708083146,1.0827677591398228,0.10523866430250878,0.039518987810461884,0.17983641017191768,0.702094943724642,0.6077368539050253
4,0.47916776279415174,1.124864183331628,1.1079188358920231,1.1189194919206935,1.1528506610109799,0.21730095324408652,0.7508354634600988,0.9713546157917836,0.9946523067960189,0.12592598124563095,1.0851824036584445,1.074185138830855,1.0816539783513373,1.085800309393678,1.0693698806116945,0.04565354082673852,0.15593003666029598,0.5389461026741938,0.8034314625533988,0.3773016348541319
5,0.6131833304319302,1.1106323758585546,1.0990780957122177,1.111050151038559,1.0370807726084337,0.09157266780931095,0.9749738887307114,0.4480765650135353,0.4847839259305505,0.854516221637918,1.0881676808723186,1.0887904741196468,1.0812319555013603,1.0793408688871617,1.0947483925827306,0.1844791443932456,0.12957761290981787,0.41668284973993086,0.5271023284428291,0.833911541930069
6,0.4194521739609204,0.5441682087727463,1.1186808082225541,1.1079434678101785,1.12575155953744,0.13986227894056677,0.5112746237376453,0.7416548849529647,0.3196307549030012,0.9867951304617367,1.08394480081595,1.0955672747898235,1.083459499219613,1.0713030154645837,1.088886107330803,0.09728988802195672,0.1662825175713306,0.7685668291430713,0.10316676796114381,0.7442120360037142
7,0.6336078979087191,1.111883157206979,1.1098806694825676,1.1458100604854156,1.0587175467746928,0.20274121739013848,0.40441968408636253,0.999537841731034,0.9899630625086349,0.9830624922383975,1.085139713025715,0.85449697575195,1.0822339893780912,1.0819318658504562,1.0842458826710752,0.1063872222726324,0.17801526564587905,0.05962760007379379,0.1606588244706651,0.47650250956445434
8,0.6623725070963241,0.8070078447652334,1.125607956970423,0.8273975721765997,1.1124659400014605,0.14081260121163608,0.5461441132895825,0.7958184396990906,0.9975131237624231,0.9898388890332199,1.0886943949108012,1.0876942803778156,1.085095147478567,1.0874780155880461,1.0823771488867286,0.04566698975685424,0.8273117093928544,0.8231225434307451,0.3882611432751847,0.8926775305542934
9,0.5370790509430569,1.107474058869397,1.12596870599449,1.1244208667741662,1.1053701114091068,0.21444789791791855,0.15278953769732512,0.45229780209843623,0.4292058750914306,0.9707298561179329,1.086435651334153,1.0837040296052232,1.0934015621766249,1.0840401784610563,1.0724156183756586,0.20033620166522303,0.5461935369381274,0.05294579230915283,0.8291267864044959,0.7322414144752447
10,0.6193293955038783,0.9277407593221865,1.1043466442291738,1.1684980875188256,1.1123433808399041,0.1331963746747089,0.955922655307576,0.48208276917857473,0.9884367564288526,0.9742805782082076,1.0807861578825544,1.0784911240199748,1.0840710132353872,1.0823349321946933,1.0844421711996695,0.05886014718764955,0.3929335202436579,0.7433295897274186,0.8030494101077084,0.20770294027056543
11,0.7299402425135632,1.1216383993070673,1.1001440337446324,1.107593973642832,1.1139257459681122,0.19808073489068928,0.72411401093684,0.9642640674412366,0.7142458563308052,0.9600419084225832,1.0888823179106062,1.0872044475559548,1.0922464825713059,1.079169046617009,1.087371810929781,0.7656383807556097,0.5261691458247375,0.044539768850961205,0.8368905236716228,0.7341152858007557
12,0.7193041432515761,1.1234948134237057,1.1141280435516518,0.5014878611230005,1.1137044300149264,0.28067850690803137,0.78253938756197,0.559012896203078,0.25936468982970656,0.9553349040227131,1.086951550623872,1.0693484655163068,1.0798990607883934,1.0573153972296383,1.0675340330784857,0.25019337607010517,0.7873130473100761,0.24039530641198598,0.27435016055818345,0.695913491677013
13,0.5635683143113078,1.1146894979564625,1.1025241902335858,1.126278249757639,0.49374847233524266,0.22062779593589715,0.21896009588377063,0.44306866800192896,0.42699101159388175,0.9771470294642711,1.0821667162090771,1.0781222124244947,1.076162442463123,1.0869840198442198,0.8964462591801098,0.4838058778679147,-0.0021860016530280816,0.8513313005692555,0.5788040882538608,0.8751314236324337
14,0.561034525460075,1.0934276369409557,1.1191445070456842,1.128414837827191,1.1275243157785997,0.1838313096849965,0.20740309648999916,0.9929423246253835,0.10063553538994255,0.9722325993931029,1.0893838006973873,1.0907712847673086,1.0937914298960232,1.0791406296930548,1.0795052291633762,0.2978081227250355,0.5592075858966646,0.8126546383493751,0.8207511511824077,0.29101314918798515
15,0.48234532012961245,1.1023150821459853,1.1184243123522144,0.747569550119004,1.116238152486065,0.33535289772768334,0.1585721721761489,0.9445533488677107,1.004424528082604,0.8321819247061569,1.081188005942656,1.0797953717809556,1.0715694179047421,1.081682536595081,0.8774497209119377,0.03838951578984755,0.7437831485441861,0.7002174754810299,0.5814950287632958,0.7393933830280556
16,0.6730476284576814,1.1198363054653553,1.1081472320617611,1.1112464110167342,1.1213181130526708,0.2210286993776617,0.9631886336553194,1.0081517420311443,0.3595123872376938,0.971904508812784,1.081029467538586,1.07796677201053,1.0826650720477615,1.0773717362994433,1.0736446555533672,0.05670684599726384,0.09428035377389218,0.0728471231236594,0.8029749465850567,0.7785306465533827
17,0.6467451801006683,1.1077527189269067,0.8257998563100875,1.1163442533937327,1.100966418509937,0.127244833017933,0.6590994812052156,0.6608188144105108,0.9119269175787065,1.0103882780005955,1.08750010250062,0.4442121439988124,1.0929976104434067,1.0807311814912892,1.081415438130238,0.7640367337473214,0.6326126237260433,0.03787620669762518,0.8052367415411544,0.7861850381126281
18,0.4898194964059698,1.1116719905747086,1.1050121422013253,1.12929311451404,1.1166701796241696,0.15085992161815592,0.9220060375658616,0.5068668356061973,0.9894020281907662,0.9777658434221974,1.0866010380620663,0.8142145768856855,1.0881852860836807,1.076799975506184,1.0735360729078796,0.1804602824628928,0.34693945562090306,0.7886766760004972,0.8138760705663467,0.6474769701230487
19,0.483234290847036,1.0974127624441938,1.1207101739151173,1.133606745287807,1.1251097987485255,0.1426332233327089,0.8428821912303067,0.9504017537188568,1.0015345394501047,0.9614170024701426,1.0823576114519327,1.0857118459816681,1.0839851157108509,1.0786091671084634,1.0756531503850713,0.11760777467462141,0.8377168604954784,0.033302664363941616,0.09071069801856389,0.805306058861492
20,0.5464301917090132,1.1210509172306116,1.1149033345538943,1.1383282643010535,0.9226746757831892,0.1424006421384464,0.15868246853530815,0.9057140618721261,0.9883517330916439,0.9131923086770563,1.0755414691417444,0.580946212124256,1.0790767229159732,1.091992640943965,1.070263836443261,0.40639547664958564,0.1338633832291166,0.24485228574357332,0.49564814530123324,0.7388857306203132
21,0.4842218596999534,1.1144389656148888,1.1036957268995156,0.4330384934980378,1.1176462440588275,0.14220914501625068,0.5767407776426418,0.2535471287060847,0.3622333168094863,0.9669770664623368,1.0855872626020462,1.0765401342878669,1.0813877857786511,1.0673258746130379,0.8777763254911615,0.15349136964815313,0.054082100017493535,0.25470004778926647,0.788182892731916,0.8669920070928525
22,0.6344639899162176,1.111041218918465,1.1184735654490772,1.1013844145405416,1.1024623107110005,0.2179662008254602,0.22336618289476537,0.9963666590598547,0.9995903494814303,1.0001950322802475,1.0841364359207069,1.0866797274457858,1.0826948565937342,1.0801397870801672,1.0793632644953286,0.6613435423193966,0.1559317516685788,0.8106812982072565,0.8335495485861915,0.7313338591388662
23,0.6466757978385118,1.1109336556647957,1.1075707373036852,1.102366640760708,1.0906912418052335,0.16683249735264732,0.1172035955220986,1.0033657682342811,1.01374294345931,0.7477020140294627,1.086237196243439,1.0828047157727596,1.0888464826350965,1.0786338027039932,1.0764721640730142,0.062044926328288987,0.32639750184683414,0.09965341848450347,0.49268273297832615,0.3668838431642063
24,0.47977822708014206,1.1024005294319041,1.1213346573959642,1.1201763842456336,1.1107354518070636,0.13338679084451582,0.0992755907528127,0.7149391244780526,0.7308692683678382,0.9996145283768618,1.0859397767420744,1.0833718344694752,1.0856598949751526,1.0806164929639555,1.0924210156382732,0.04755560953001214,0.7117994417757438,0.8409554517040729,0.4749283438109324,0.7799894444676695
25,0.4811115347564501,1.1012875758774283,1.1263674902083787,1.1194423178043986,1.1236018943290635,0.21029069205639497,0.7577935291786363,0.9908124508472402,0.7038402436041497,1.0372911732188583,1.0917827882910245,1.0715906262905843,1.081726570207749,1.0800527391094468,1.08159129477639,0.14314389117506385,0.00409768929726224,0.042280287964390324,0.8116052907979474,0.8084416760524139
26,0.5607272415982978,0.768291857514901,1.1124999915930942,1.1198395944942332,1.10706043995731,0.17094191996989272,0.6689568347981499,0.23836033747802854,0.9965241790497279,0.9695965348487007,1.0823486734053542,1.0695440494684256,1.0815743326994278,1.0805834270721513,1.0841696196923685,0.6365646042383835,0.5299045795576186,0.2934238578214515,0.8093101998355109,0.8304779448420102
27,0.48168229841349813,1.1055120942806071,1.1132426948440113,1.1194244717354627,1.125089420007238,0.20225475091206094,0.7199514026562677,0.6672677309843197,1.0026481450388447,0.9691011256319464,1.087013914334944,1.0836827425289117,1.0843814861313483,1.0844454354238635,1.075510201312815,0.8002454639360148,0.80828223564826,0.3456611872256068,0.36588447029648336,0.06898238710542794
28,0.49418578061127616,1.119943265865016,1.1283594460539927,1.1181327320321857,1.109622709770145,0.13633979943514937,0.4658404357324109,0.4907428055219089,0.3359790241954303,0.8656781866372805,1.0809339619067682,0.8107656479890997,1.0819924546656743,1.0902299524092993,1.0716115156983852,0.09255040757461692,0.4026930962223529,0.6677745882767675,0.49792734425177265,0.5005076519854373
29,0.48051681723443374,1.0995994930605273,1.1127635165144278,1.1186852279265906,1.1123933682526874,0.2885538875378929,0.45290674483819565,0.6566263571238861,0.9990931967800828,0.9779181672322841,1.0894886404623585,1.0862309582176581,1.0722839927359415,1.0827756117090148,1.0951998905445508,0.054065797665286824,0.038573905125637895,0.02591727043048647,0.808618365042303,0.6955502164337434
30,0.536174946243263,1.111239958382477,1.1160188991316424,1.1190372125889065,1.1157438575280418,0.14463354095796926,0.21067479144188034,0.9944668326153897,0.9981800692447074,0.5695225417189589,1.0887054677202785,1.0871458063810704,0.32055551538726706,1.0922861370748993,1.060771979184148,0.18760182863077443,0.7694919707317518,0.2881900481215135,0.4122287829258482,0.17088479232239479
31,0.5603671954360991,1.1168362918311239,1.1145799714892406,1.1045956713003704,1.1283088965276398,0.1816841837564181,0.40944917488313753,1.0004017909996124,0.9903741186485857,0.9895801892165721,1.083937497169339,0.8347609076569046,1.0852962707538076,1.0838665234627798,1.083485847391941,0.6079417370590716,0.14934565032248484,0.8212776304434101,0.6863227221713014,0.803034006236544
32,0.48649190351776234,1.1115606838346583,1.1114592490370256,1.1321441358121362,0.4990843334075617,0.18206785306632525,0.49789433612715644,0.48334844883147976,0.9935779877805123,0.9695955529541466,1.0834962315941339,1.0797469197953262,1.0858289130764882,1.085171811806073,1.0654022273727162,0.7296483976660388,0.40677922561491237,0.20791555275755372,0.05801586412725056,0.8605953179425995
33,0.5916281770351837,1.112427883676179,1.10327188105076,1.123810090759111,1.1052952016286857,0.31187695699944484,0.9675038856732976,0.46894735537511695,0.997217070793663,1.002276744894503,1.0870318856094459,1.0762244277702595,0.8930244905709929,1.0848092384484453,1.0955145517919427,0.7779382720510798,0.40966472395275977,0.7663283335935821,0.6565260076419421,0.3453986308634773
34,0.4834212559025834,1.1044677500735287,1.1171868843446866,1.1405420065358758,0.37534727605321516,0.2755229605405479,0.6366488441304365,0.27094874733336416,0.9902288231634976,0.6799742450014388,1.0841168297491306,0.8090290378124334,1.0771058741298525,1.083883856694243,1.0720845784912783,0.13515711332939712,0.30848639793923294,0.37014295519471546,0.286362353502829,0.7976658134107536
35,0.5525966321697486,1.101899761718497,1.114706425059691,1.116820601581551,1.1037434489962308,0.21993461253050423,0.7514712149407557,0.5741311892700108,0.31342463254055836,0.9535792412544214,1.0879823958461499,1.078605075576039,1.089569950706144,1.082586112116236,1.079540450625899,0.16393064468692867,0.04782820799729592,0.6760223210384262,0.7936191723575169,0.8353993187378741
36,0.7312501455628108,1.1112579595898275,1.0969905036059187,0.8201347371985586,0.4698884043847608,0.21245143692005555,0.5694212890267377,0.3936299147770014,1.0106782554636744,0.9742913325555264,1.0855008731641254,1.0790612483656072,1.071508121756289,1.0735324333634204,1.0736859021651217,0.26366934884476806,0.797422363618403,0.5476787152009518,0.8601983694615793,0.20661768084231075
37,0.4801626648612938,1.1099514162852604,1.1127139242788278,1.1147857544755784,1.1118849969563764,0.1523737987125376,0.8091737561602327,0.46926320320107634,0.9958379999424313,0.9725314981499712,1.0803773215900785,1.0878797082352414,1.0710647578709787,1.0882505087601668,1.0737245229089065,0.8053785107332336,0.11145954177188606,0.8806247881806086,0.7933415962146391,0.8097194262070645
38,0.5513552012948141,1.100562116518729,1.117964763720806,1.1007006304448712,1.125888599396147,0.276484722009888,0.9545763178350571,0.5947404745709876,0.9988738371807504,0.976581780839993,1.0879492516826268,1.0843329030322022,1.0894600271502488,1.0817202975219575,1.0752635023224786,0.45308788240104714,0.8013054789116004,0.5065475366629432,0.06080013296927355,0.8316286993646921
39,0.5289145969716271,1.1035737254570714,1.118604130564176,1.1239557965922988,1.0923892971429445,0.2177938391681006,0.783860252431045,0.664143268660627,1.002472656288104,0.9984265302846458,1.0857973166797739,1.081591912182552,1.0909967904020141,1.0881926557507744,1.081660593911304,0.04783755597221735,0.7801346280150175,0.8111299418333039,0.8386797033236574,0.000738996847189049
40,0.7271621193318333,0.45203969343765815,1.103455938272428,0.2887360162148222,1.117658471454067,0.13498666648366076,0.9339040119813277,0.4352329216281621,0.9958824744462557,0.968504693300788,1.080252016284272,1.0795826083681963,1.0707728988221161,1.079875215431255,1.0700719249798216,0.20110523948643158,0.19198975892355152,0.8508360449874759,0.8586197963394739,0.2139865119198252
41,0.48462086577688135,0.4833318133912702,1.0997441648252768,1.1143490369765723,1.1075231691824954,0.2640492402072838,0.2080670229750241,0.9982430177621726,0.6497818339238319,0.431023753630423,1.0835516128384215,1.0808189122412346,1.0813299349003531,1.0862938737314438,1.0693369519040068,0.1307498363716617,0.7359996350639089,0.522580243230208,0.7617546729273196,0.4634679962188515
42,0.4795031406183837,1.0976222035746015,1.1072001486008138,1.1177658968825903,1.1291541676807504,0.296017353616742,0.9104332253003584,0.40913632311337256,1.0009971692042705,0.9880973626641517,1.0838371628871237,1.093215070846449,1.076095756099627,1.0856094149068556,1.075952406068446,0.743273222247397,0.8146548648102372,0.6428469915949978,0.413282020331314,0.8261098052811532
43,0.4861379071939922,1.1155736004074337,1.1177531835249883,1.1101248157496622,1.1294981310531131,0.27606010668033887,0.5794233601392041,0.9927211531520909,1.01794342808952,0.6105639093700624,1.085888528992227,1.073264201430159,1.075303856244029,1.0617346002648795,1.0775733047523548,0.28119823626402796,0.42773281514940076,0.8321686839689444,0.23620122572828878,0.34960256113553073
44,0.4827594075493576,1.1471202858193918,1.1080740428264704,1.1213362909934503,1.0122703059397546,0.3114650223180193,0.8137232843792114,0.13459308400261413,0.9108729822209297,0.36969793698399694,1.087376122349704,1.0879327408155128,1.0873436692989686,1.0799770394678476,1.0853961169710968,0.7219570259088842,0.38377449998378144,0.39317037291726303,0.4735791097996681,0.8191895581307896
45,0.5480791568048087,1.1138939363666573,1.1161931629153206,1.1304940616373578,1.114722973448639,0.2212110188332471,0.8308415059748792,0.3050948226203334,0.7630412736855977,0.9807486400432165,1.084426755560121,1.0798651071100598,1.0567772388621341,1.0824327193675303,1.074326874940734,0.051666835598907924,0.06479387174962427,0.5945194900656094,0.813595455311621,0.5764190896844767
46,0.5407241468530861,1.12590239444967,0.9717763547937841,1.1237996690579972,1.1183079315332256,0.2819123706335842,0.8792042446551431,0.8660511087487807,0.9864454606576772,1.0044043815689119,1.0863946384214986,1.083341930834329,1.0831128407821298,1.0872307775553347,1.0758173652675798,0.0699763099301626,0.36034192622344535,0.8967759639056703,0.8746151985409487,0.8179583203981912
47,0.4798068130539893,1.1032249245594101,1.1108509158815276,1.1130374890508454,1.1140993100337337,0.29794655756772187,0.943994806970788,0.6537577066525164,0.9979169409751177,0.9767872646824651,1.0830089475311706,1.091215121528167,1.0850599970208792,1.0848633275627224,1.0903597187315395,0.11530646649207626,0.17088627752681892,0.06583114450073536,0.8639661950408865,0.5003917566732494
48,0.5061187855488812,1.1126260983013927,1.1161317909168738,1.1227707477138695,1.1252805558180292,0.20532667932397525,0.20851183433487971,1.0065416815462098,0.3204038676053226,0.7929508738816278,1.0868215665980199,1.0781127738547385,1.0748928769414032,1.0528665685963385,1.0910660938849208,0.06851520999788838,0.7081155364220314,0.5196474503322907,0.6012320215217305,0.8409362817870686
49,0.6452486112525988,1.098331977465816,1.1049768160473843,1.1271186122049,1.0200573471115222,0.14234110251315002,0.8836401147870854,0.5636152071511514,0.5624220765164011,0.9992845350075062,1.087550017284047,1.0808126951736483,1.082626541374393,1.0851533600686676,1.0692144857024837,0.8163887396250382,0.16637643173215563,0.8165947920476905,0.5609680521285436,0.16546448982382767
50,0.5681714916810826,1.126010807548001,1.1100668570408976,1.1147853682206654,1.1085778962204695,0.1570064954730121,0.748997053936496,0.6580434713524793,0.9983369629036988,0.33148982399663535,1.0867212185368442,1.0897200587803926,1.086365585702171,1.0786106599162122,1.0739483943265313,0.007400648743860433,0.15630985175274464,0.5446553322542317,0.8665373597078881,0.8015983668752689
51,0.7389591467321577,1.1026142117228124,1.1030371506817165,1.1387494851771987,1.129233343051583,0.14433832138946961,0.8509310833908421,0.42917461670439977,0.45288361209707056,0.9911699595533996,1.0887293400006715,1.0787513173995813,1.0801388197356714,1.082051933131302,1.084221715915227,0.6226546717415123,0.7438102360410118,0.5985297247242668,0.5923663883636057,0.7961624974751236
52,0.572005313403294,1.1256801182955003,1.1096167746513173,1.1100210320651842,1.1052961107895543,0.2113327729398478,0.6817267952183023,0.9717304025544103,0.9999701007561249,0.9986245091747955,1.0871353445401832,1.0824501017567834,1.0919172084344904,1.0853148160487063,1.0860545801133388,0.1022503650944916,0.11837977203654211,0.7600385563947804,0.766057366024824,0.03842945872020611
53,0.48566108131288727,1.104796247962094,1.1103227832126907,1.1222292893539503,0.6652008871730387,0.12629530817318171,0.20033738934353348,0.3122493820302999,0.9983326894315909,0.996281841269112,1.0858753824949976,1.0812075411919784,1.0761043342049024,1.0850097460092236,1.074843252076572,0.24096775203117046,0.16134895074688868,0.7629458780368839,0.6307069306018521,0.8547587819506333
54,0.4836687184420927,1.1197186182621566,1.113951398522046,0.7372108324735765,1.1434158160889984,0.6589295878664816,0.6330857918632841,0.9971504958697486,0.7324279393885536,1.005475796823367,1.0846759425344166,0.8130342784859382,1.0855733923560051,1.0827015104121989,1.085254457548831,0.055408170081848764,0.8129109753257333,0.10457202546326523,0.8065852594464183,0.43539622055433846
55,0.5834540509953089,1.1114768312597951,1.103836910910784,0.5547274600769635,1.1496913283349541,0.14091743838560547,0.9701835160068003,0.6046116252032402,0.45243901428870775,0.9897659285169434,1.085880766215682,1.0885999107238997,1.0811424391755324,1.0912688201195346,1.0920275574236586,0.06803203217414336,0.27946094406736255,0.6926753958458349,0.8184708688248145,0.2789937246853246
56,0.48016953914011334,1.1145652924950806,1.099986511127386,1.1221443165743668,1.1209142438083595,0.21811969501070108,0.8340919422288803,0.8120395341740746,0.6089053564208194,0.9595540319744945,1.0851105382533535,1.0815748663094846,1.082850124227133,1.0785208152611554,0.47212900584213036,0.15736604690585881,0.05705032181350722,0.4677283309479921,0.1075084505831209,0.8579472173838737
57,0.4857054138750249,1.108872718093566,1.1328934331956892,1.1219908790142337,1.16943074461622,0.7124148773007395,0.48288277875923535,0.30791363276019357,0.3441410642769853,0.3433423073259261,1.0850713219014874,0.5438447748760151,1.088092337350566,1.0796523564820968,1.0829600100362067,0.7411952448044415,0.2664344121575022,0.8601856571878839,0.8127991694787786,0.8477221844732776
58,0.5669357333256815,0.7696804718711268,1.1202950868876056,1.137789726907289,1.1038404543484095,0.28345454535925496,0.5317503162579763,0.1387297891483821,0.3924745219912595,0.9738934775847656,1.074796768367774,1.0850565781610393,1.0896175019495464,1.0929296936016473,1.068969025514328,0.20238326263952072,0.116739946046049,0.7780833383895545,0.8067502130867606,0.8182318895202464
59,0.4897082925989639,1.1208215879662167,1.1091914961978837,1.1315295327539219,1.1449756326137415,0.17037240506334153,0.2272649234737419,0.9844559776209377,0.9998314232615224,0.996347275534044,1.083782247907068,0.8347254369710911,1.0786402421368453,1.082205560330273,1.08161748895926,0.07888010338795916,0.7732049627270084,0.7384525535627917,0.7774992372262524,0.8766108818504587
60,0.5635479223843595,1.128597486125163,1.0979078825576005,1.1199696606545946,0.45386526250644277,0.25036151887762564,0.5337953105748396,1.0064992548918135,0.9926040984052341,0.9898794731751919,1.089221910033053,1.0779803608768612,1.0781524193725576,1.0867712660535371,1.0797098597462815,0.04989848784487538,0.11986075161089274,0.6925684912925498,0.8098107787760145,0.8025359043814224
61,0.47827082327135584,1.114409531488299,1.105553615888157,1.1130133001204368,1.114859410936726,0.21720803407384273,0.6713319841304122,0.569098450567705,0.3089242565742768,0.9781971851077861,1.0857837901544294,1.0824586639903582,1.0715215432307408,1.0814664812784307,1.0839410150958961,0.052981620715252774,0.4397187749543566,0.8224929268000921,0.45121847266919607,0.26450417104300267
62,0.6438390157133682,1.114214145551323,1.1179994283722592,1.1138041619624077,1.1098012641559691,0.18826254694614605,0.8947776193677817,0.9590054043423064,0.5031469965946869,0.994695595616316,1.0834969138569128,0.3079264795968898,1.087523824368188,1.0745342014306816,1.0782059318419754,0.1240629523921155,0.740654878761337,0.1297301943131662,0.4171475354175074,0.3523837253431196
63,0.566647353113291,1.1100001786557152,1.121751056460911,1.1194222719458486,1.1385377640943053,0.2919963647444423,0.8361878549851226,1.0071671753406939,0.9988858603181783,0.20044447672392646,1.0857292044542373,1.0854279144051469,1.0874342642042834,1.0804839178689611,1.0751122688414188,0.7323115829404397,0.1386838470682962,0.545953504033452,0.40126727475451995,0.3144057283306991
64,0.4792832922216028,0.4774317164107113,1.123396407412759,1.1107364058122902,1.1097274665101853,0.2686126657028312,0.684654258698605,0.9958158862122338,1.0002660911402848,0.9945102990817402,1.088935061665577,1.0804364400959683,1.0833499769611505,1.0827128495851703,1.0734525001488044,0.23630873860498666,0.8076013199324084,0.16677177395569126,0.43258380889288106,0.7943375325943932
65,0.656944269846344,1.1045249385589462,1.1055042321321136,1.0996827537767757,1.1272225840157215,0.21003258969262237,0.4872050897671448,0.21531556716645905,0.3728158988997109,0.9865117826504944,1.0852064265042038,1.0827509033512595,1.0850508251335176,1.0879597680303756,1.0876124828365346,0.16345625139894793,0.8359177921029374,0.5210795263941334,0.7928522930153072,0.7761540844418173
66,0.4830602630219794,1.1323702968092693,1.1022237693979475,1.1271223108188788,1.1167127041814364,0.21975314255153028,0.22986602866722372,0.3433015124324942,0.3946448740686748,0.9880685380063187,1.081791742369839,1.0698912219326464,1.0866279163469383,1.0807797410802322,1.0773788482157496,0.5210778811887058,0.8072982490641762,0.5824927988510332,0.06556671208180329,0.5860005211590359
67,0.42264992059113776,1.1078604821327869,1.099676011515374,1.1275416077929736,1.1521636051998285,0.13652437366533038,0.8820186762095757,0.9864755007389195,0.9527108469331319,0.991058138880298,1.084930092095208,0.37364239287195444,1.0772269638210552,1.0857116547577634,1.081800913012504,0.05316090174398633,0.39820647986037083,0.6103240038323712,0.8148074733772492,0.7892095883355885
68,0.6553244159332806,1.1176142138637932,0.7296565166531686,1.12096069023393,1.00714669903215,0.23280265274634102,0.9284435039399489,0.483731583127984,0.9950961574530724,0.9665410875572202,1.0864226114615116,1.0822772782774708,1.086431961730231,1.0868097609435472,0.4932335507048508,0.14699172601686625,0.4129013867729505,0.7196237557598035,0.827540251021367,0.8544932434297248
69,0.5642517798020901,1.1139064611578526,1.1029647376393281,0.6355979444534325,0.9148987214614595,0.17911580791252427,0.5541193407394431,0.8067194667127462,0.997010827109932,0.9788469945598073,1.0791785342781803,1.0864218181107623,1.0880697918755404,1.0760301952866622,1.0866418841989138,0.08168763270027825,0.393400864493976,0.044836462704374774,0.8472616140706836,0.7451565462712278
70,0.4801503955221273,1.0943516883565356,1.1104295911181952,1.1225994405139137,1.117496513361442,0.17152017025838812,0.7587322485986558,0.9905479425890705,0.9944259182110468,0.9364117108050095,1.0808549422789335,1.090503255929061,1.0897716280226333,1.0723250852675072,1.0710931859489203,0.3035733411724456,-0.0005801411490754133,-0.003004814252861049,0.7425737544397281,0.5046388888708768
71,0.5977033735139955,1.116331791266255,1.1038855141810715,0.4957029864782702,1.1178580228705561,0.17883169719936026,0.7398010037163771,0.4901799398990762,1.0022698181270144,0.8239231636357133,1.0827709027973436,0.8257631755302539,1.088744844054586,1.0845597641653684,1.087874871958722,0.7619514023140532,-0.0016829298762887697,0.5747338846902754,0.7101446256890103,0.8799221100814286
72,0.4819536660531974,1.1143485781414577,1.1118735345086206,1.1083243137322873,1.1127275832787058,0.13128144074449985,0.5695673215410324,0.3952671976007553,0.9981336966395634,0.9904368256275029,1.0869663318442764,1.0768071047959265,1.082573890458379,1.0855514018581462,1.0841920499416404,0.25768983529118805,0.05048574920106399,0.3871694592398592,0.7985196813184964,0.8188393782068158
73,0.5907235681717835,0.7341677080354947,1.1022829381093466,0.8909882546868586,1.120720314846978,0.13618746703172746,0.35638471649271025,0.9958089018073367,1.0006926310738062,0.3605102950029393,1.083212856095089,1.0847674954798185,0.8782695611868121,1.084695272506867,1.0818708539518818,0.04492059297724249,0.5948403518259727,0.5927606830639471,0.8172560453431208,0.7881571420651673
74,0.49399299379619305,0.8253241082626974,1.1051793389578874,1.1105310104840105,1.114291478895856,0.19613180095314126,0.24518541189531928,0.3985555932406663,0.30701888719594667,1.0015804531141148,1.0894049196511866,1.0919625112195377,0.7164823822370981,1.0882215208103783,1.0708607249663145,0.6833341301961231,0.7943784875952671,0.7043153821955591,0.17968010786325905,0.8510122525974685
75,0.547097693513126,1.1068697699881926,1.107291883713965,1.1146130049805114,1.13528390274175,0.22753573926716214,0.1779782269172227,0.4016328580664416,0.6833311889440506,0.9751747781129375,1.0874015746914993,1.0785673327568308,1.0862914923331097,1.0861578274723942,1.0803563410346644,-0.00029696465639803655,0.3626427592835811,0.7699993903685465,0.7851630899557659,0.48644645366709
76,0.4751103450098736,1.1003121520049206,1.1078494621977732,1.117906503064024,0.5529563007647685,0.22246203059271624,0.14432422141056384,0.39381298550827537,0.9841983349499176,0.4068472517067889,1.087607261515061,1.09054210816679,1.0878297472152243,1.080229642832533,1.080288437412975,0.5913120663169794,0.8166270338572275,0.7496523401491396,0.8334165122750751,0.7910162781466276
77,0.4097037944610356,0.4668408704908592,1.1067677901448314,1.1141779650830659,1.105090549034812,0.17964169716975242,0.22709973821506074,0.4922342752569872,0.9999970170976298,0.9797815601137385,1.0873622522876953,1.0829994775904845,1.081143526243626,1.0740512205909445,1.0726685636391806,0.05467925568332606,0.8304776426975329,0.8069667389068792,0.6933124964255698,0.8063219998788642
78,0.4838704946586456,1.1001228999391397,1.1141747677776273,1.1141914791667842,1.0968329103858072,0.17495107829926643,0.9806988676062265,1.0105987089302102,0.9906490777710464,1.00441899009355,1.0743856040551585,1.0798918959019268,1.0814470970137626,1.0859937293070894,0.3668161181755294,0.4954955964253344,0.7357489796673629,0.5005027762625309,0.8104462831050662,0.8510704683122812
79,0.4645981950051592,1.090132403703758,1.1218551867779045,1.1111300321489137,1.1211864090326025,0.2872986423630092,0.5018385864598583,0.39157141730206413,0.31114826792633954,0.9868816442918076,1.0898554247759715,1.087240630368596,1.063248433396951,1.0646732219987303,1.0836339348873647,0.7198368337471014,0.1512732616877895,0.004917913633132927,0.4684633067606304,0.8652607405835918
80,0.4816778954449468,1.1061755191643587,1.106690743066759,1.117924092274555,1.1002106762598054,0.20383527077505484,0.49894658044530293,0.5778741386615768,0.386325666607006,0.7600200147471053,1.085859359761521,1.0759415650015325,1.0804162625643432,1.0894529411076563,1.072119962026174,0.8134587773558467,0.05543269903808829,0.43285544484762295,0.8285684778028222,0.3495079079188931
81,0.4650208350881794,1.1157234308597028,1.1194137610200614,1.119122909874195,1.1129317091750723,0.12245846144339786,0.1792510817128062,0.31657867979931337,0.9960597973308659,0.980696394341504,1.0894237174342136,1.0894763870374597,1.0797515488336178,1.0856970589379293,1.0680379229132035,0.6615761457578678,0.6977923581641081,0.36181501689556306,0.3135268448157281,0.8060526120914369
82,0.4920228605963254,1.11222141177367,1.1015739062468133,1.111039501285636,1.1540047487758216,0.23195263615876438,0.8015052534287037,0.33453559485172596,0.9894331746888468,0.34755066703283555,1.0845899025567336,1.071589197292425,1.0900447490972802,1.0850640348352627,1.0876722075177474,0.07631175447559567,0.7492498562749875,0.8313727303602307,0.34715106536974627,0.3833696049232888
83,0.4866685368161197,1.1095533929774146,1.1157705701233231,0.9884785859340838,1.1138689545651501,0.7841874240844278,0.7399471076510702,1.0066675928337019,1.0013804049822832,0.9989120421103749,1.0845028382713673,1.0818641558621103,1.0741174136026663,1.089983288095409,1.0857248184826775,0.34154810479237285,0.04895879069022877,0.41609292569325596,0.23395125328977953,0.8429864081943159
84,0.5233446136979479,1.1267498733959271,0.7530526162375815,1.1647956367592271,1.1153302924642932,0.6201735554820034,0.5459635727556282,0.6421721968775431,0.9943950546715216,0.9887650610915071,1.0860707737886364,0.7690839549510117,1.0875407479724897,1.0799694673667892,1.0824679541261715,0.12088445402119856,0.8300483085130563,0.6857925610332334,0.10937147362481503,0.5907196662828568
85,0.5248101015012926,1.1132863816097018,1.1212635571455782,0.8806454483271755,1.1179208292026006,0.14812695871650156,0.37356813027107977,0.5906955947843833,1.0013770650143512,0.9569608288802717,1.0839306329786143,1.0809444709775595,1.088418501226854,1.0661433276839085,1.0853976744867369,0.13923351346707918,0.7796929001646218,0.7726159861662838,0.6053178925858018,0.8375493000402574
86,0.48104270488158,0.48818505755281993,1.1062291059407818,1.1262711578507962,1.1134888232580296,0.21745477779877795,0.7735456784265885,0.36244618538083523,0.6679212144732702,0.9542013905780767,1.0900240447253433,1.0902650889735856,1.0820708551596885,1.076107650668486,1.0644397287311247,0.7378218956778887,0.1797484348981443,0.198175607286957,0.5511868994688468,0.6862482192349394
87,0.5151359204511251,1.1032830289830677,1.1155565055134367,0.9770586721101243,1.1032076975995382,0.2944546895630882,0.9330822885576023,0.9527230987983102,1.0297188990543182,0.9579585758231628,1.0858214497102057,0.5655648066515389,1.0869469869405197,1.0847302439578945,1.069914789858258,0.035537676028389475,0.03407546139117137,0.7778686911479658,0.8930064218569331,0.48974026001051796
88,0.48214317854616134,1.1099232922892248,1.1038816448056776,1.1095474357046127,1.1077165604325847,0.21696480575842808,0.6765547144986145,0.9486005620415855,1.002169682769642,0.9834231959034565,1.0878937006767733,1.0857794985354743,1.0811172461212566,1.0866875850080004,1.0647094605260798,0.02498324018161124,0.3243277857635717,0.8029459999484293,0.6014163241125481,0.41040022231485074
89,0.5420979807592103,1.1197615111476849,1.1138068394675769,1.1165027526685276,0.6808006731420029,0.23407947770575163,0.5511096716637608,0.2988167386506884,0.3152310217207813,0.9479941845964399,1.0860122338539697,1.087567263040945,1.0822382941439248,1.0816078550609032,1.0757190969546098,0.7773543383055392,0.062160613461035026,0.2552513540774977,0.8090033652196884,0.7946125318000458
90,0.6525279614225011,1.1051703066071283,1.1043824820478771,1.1054003053915942,1.1283061203453186,0.9468569554652435,0.6692614338124452,0.4938512023095621,0.7740773833698524,0.9675238925099765,1.083871130265862,1.0728171413865213,1.0871256212021383,1.0836343566641264,1.0823853825927128,0.794262593677568,0.7824586477759353,0.8279676647954455,0.6829580718125094,0.9114415432852565
91,0.4780657479378955,1.1112676524117657,1.1173375780794819,1.108001935679339,0.6536650674619315,0.18326537406175725,0.898363043235468,0.25057498656825056,0.9953543212279942,0.9932646773869612,1.0848676319120445,1.083502269062181,1.0873452896868632,1.0827657791117637,1.0761024549744762,0.34074256386904844,0.6886781936522312,0.8075700332558766,0.8191799971690988,0.8549817009387847
92,0.4835747628707137,1.104162490891261,1.1035404085302691,1.116925315162745,1.1148517056117317,0.23352859073704552,0.21906597353220786,0.9939404908370283,0.9983743236018826,0.4957720791703235,1.0838236971445403,1.0846377373514273,1.0865265964192192,1.0867200080104087,1.0730724363310196,0.059744256640486826,0.007667464769057236,0.8045622269413779,0.23179357350872407,0.1179316336756614
93,0.48197660906654116,1.0997066112827092,1.1215154879005726,1.1180697835669469,1.1732422693891293,0.21697235168943316,0.9434712175265184,0.2031871491335262,0.3892137382520905,0.979095345469442,1.089487924028133,1.0888901895810006,1.079416722874633,1.084549521031357,1.0778285423321654,0.13005250942881846,0.8401748312988454,0.7855528247468467,0.7840045717973124,0.7888899014586903
94,0.5795475479762436,1.1101582994255423,1.0982338973928243,0.9331588631916459,1.1172350282216537,0.2206200364410959,0.21401582591773113,0.4034512639775533,1.0023495060460743,0.9870265232683382,1.087716623863696,1.0879394405051985,1.085483124562035,1.0747637368050749,1.0761391080426226,0.20042167395221763,0.6113112844042803,0.8179256788528727,0.819165930846408,0.13610202910478464
95,0.3943725744270887,1.0990757041145787,1.1249527720536485,1.136587604027029,1.1298226146689438,0.12793731309220271,0.2181097362584189,1.0003325899076316,0.9939087605592032,0.979052818628532,1.0863606416173512,1.0840846176628114,1.079945774493052,1.085496261656328,1.0911031387044239,0.40006053199142066,0.7493240780131857,0.31811906425290504,0.8417950915507183,0.8079677489559964
96,0.48257576333795976,1.1103382939507707,1.1169902183658116,1.1171625091556825,1.1085755113708915,0.2903387429084555,0.1964640668402476,0.5381133019829286,0.9965531819608837,0.9919972720130419,1.074515613633305,1.079398802369648,1.070764388803644,1.0840770015035486,1.0815780602363876,0.815588383609816,0.26714403953950555,0.7339207849885394,0.4624204658903572,0.8345688344814173
97,0.48013860251405743,1.1111787222588927,1.1276057748726713,1.1431494758201723,1.114021234554501,0.1763351094415541,0.878522822897229,0.6239617710009213,0.8447373395722377,0.981281494642057,1.088945948162138,1.08760542235054,1.0895964758913965,1.081686655733142,1.0788796223327408,0.20729609747693853,0.2939387155533901,0.7196558799849494,0.8085729239386872,0.17440147416640334
98,0.6769844314156794,1.1141078806323452,1.1017352407734007,1.1121326033628438,1.115654393488013,0.13491382377750336,0.9849668858299533,1.0019919367221768,0.99787620329249,0.9791087276099593,1.0851663901749318,1.0816759700259644,1.086727847778076,1.0832270605587102,1.080558794839227,0.1383869224026642,0.42312896177429243,0.835073655151143,0.5871464829800047,0.24906120599166037
99,0.49816205104706907,1.1001119481463268,1.1160016114254923,1.1185288196141718,1.1085814484383438,0.19258381555202678,0.3981783493912222,0.47976008398610376,1.0025523867579813,0.3970066445416646,1.0848505807574256,1.0872664684591018,1.077036755470319,1.0840146225860965,1.0859862086877077,0.05577240905734353,0.31290193330475863,0.7875743120400976,0.46397897189404247,0.39362259395601623
100,0.5885805067080325,1.1088749924356724,1.1084225235569185,1.0974735460048692,0.39524689328816354,0.09797951789121663,0.46678785481549245,0.9644786506737939,0.3100245656558256,0.970590885825085,1.0856325549762726,1.0794077871029653,1.0774191944246925,1.0824584544342086,1.0768781190119932,0.08482922077169328,0.035800271698635484,0.00938821752236148,0.5914634795959016,0.8238468424232537
101,0.6625542278784328,1.1050022294913375,1.107714626195622,1.1142989295664751,1.118815396115714,0.1939868850850172,0.7521015624674711,1.004570423035649,1.001986490015604,0.9824672662749213,1.0827137771939683,0.9545607424051784,1.0733415262413972,1.078046822179416,1.084973082223974,0.05066779770378082,0.7085527434288176,0.8932068474290401,0.7454990672323776,0.824238325483147
102,0.5579576533461308,1.1219627506560987,1.1098476977917036,1.1191217140376668,0.4095451151407969,0.14385522646830545,1.0068016472662509,0.39718995064321444,1.00250418171846,0.406375929512167,1.0851414806253263,1.085254416720511,1.0914518197749672,1.0866077828559866,1.0864351245840684,0.6391762155157457,0.3252247481053107,0.8143539738874945,0.4511341130542362,0.4263049939582976
103,0.4956033896810427,1.1000415703907545,1.1078217567026718,0.7384335110134408,1.1232951217144527,0.14670694925181751,0.9024370842965078,1.0099222888906783,0.9917994780986905,0.3923047247492202,1.0856577732578447,1.0722994358244424,1.072379224413658,1.0729649288405667,1.0458237877587504,0.09072963914829113,0.10999645633743575,0.3817696441745696,0.5236326408644786,0.8421237421037905
104,0.7433696758518961,1.1006648893052051,1.1175714634118956,0.8389094102194886,0.6612929483130371,0.3149298609891416,0.22078724586636092,0.27694180413337693,0.9958567599326159,0.9962516643407072,1.0851175193192426,0.5136184202132515,1.0878483005198099,1.0798016452367358,1.0771043804114968,0.12747348732633518,0.6866291289388013,0.10131432750090993,0.8348291641101029,0.8668525014300162
105,0.479984060413914,1.109679183661542,1.1289452352772387,1.1114648831247578,1.102011720353891,0.28185748105788894,0.8453783696137475,1.0028987560244662,0.4189558257385369,0.9980470902264225,1.0804178141022442,1.0805850142205515,1.0758308914904127,1.0799844335260622,1.0836033198528743,0.07739915654734565,0.5986089665334526,0.7775735158104425,0.17569100127866827,0.5335259291082137
106,0.44160278617203785,1.1002824356287952,1.1047296677217093,0.895228085574332,1.1407521175803628,0.2439096354270222,0.7285651194561833,0.6131213602589872,0.997407293251248,0.986520215635175,1.0843399813354273,0.5801482862181264,1.0810135548564612,1.0839415367854042,1.0489663161377962,0.6438244817127026,0.7530248990814374,0.2948634930941723,0.3837708999943518,0.8657523877868036
107,0.5200156807762596,1.1151403789565686,1.1085115212972758,1.1138730061985778,0.49071862916350617,0.2163068324126602,0.4082500288319839,1.0042795679157344,0.31647227515485477,0.9552272040539503,1.0848711429270945,1.0864596485852291,1.0887217164580327,1.0803649016286843,1.0867653849777725,0.09557304068145299,0.7869185608517714,0.7971152146627292,0.8562833284554757,0.06465025090281415
108,0.6716036512198462,1.1099209779190797,1.1174708917065255,1.1262957635822874,1.1265045812382701,0.2153350867220984,0.8644487331381994,1.0001687629126017,0.9971941320663713,0.9895449556922782,1.0874541243475653,1.081704736252772,1.0881255181463387,1.0751126276915848,1.0637035533100987,0.8265808598326302,0.49583578084883595,0.5094701630252502,0.13304923955975015,0.7138987391156761
109,0.5618718381813425,1.1044361774608766,1.1157419978135448,0.6272787908783336,1.1314054324534062,0.09865142884737595,0.9650007467098445,0.975892889108373,0.31158622827808286,0.9767134683096134,1.0817980938327565,1.0876339889281421,1.0874607404640209,1.077294714383449,1.0744396967503664,0.6310892742375174,0.14431547234106634,0.7396149645232143,0.16457596540171301,0.49311961413309147
110,0.5089604031739505,1.1215140782145756,1.1070098908032011,1.1196021953169641,0.7679083787424948,0.25689078823647504,0.20636102068104561,0.3870769088586294,0.9929480676712631,0.967346988043415,1.0892873987593832,1.0777317983349344,1.084270181630163,1.0876848593608164,1.0810753516557603,0.13989514615646623,0.2945575380916448,0.5458683081204474,0.7005118851055643,0.7235816301062994
111,0.5305842813134948,1.126695228135255,1.1038979502858186,0.7576526475539761,1.1088011222803702,0.6969647868817607,0.22020597758807794,1.0307067161644625,1.0059732418750957,1.00407387725561,1.0869350181911834,0.8031567615414493,1.086788085951997,1.0903469639197534,1.0750888754253094,0.43766878058832653,0.0066288976380644215,0.4804426099771025,0.2783338271769834,0.3845460524585603
112,0.4853558121425776,1.1019100286913859,1.121258350219923,1.109719484247657,1.1060410385744477,0.19678931405192254,0.9613193780623566,0.31002398075995086,0.2782016055734475,0.9838019558929623,1.0848123805845322,1.076013500356254,1.0891412126186986,1.0770106166239382,1.08536576789589,0.5928987396881944,0.5603968926519168,0.179154770393162,0.8024329728328231,0.5638346193955673
113,0.48219934058943886,1.0983282897813447,1.1028118557353868,0.7650073647219524,1.1387885526471817,0.2851323330466405,0.50252562712096,0.9930921136501857,0.2818171649717832,0.9413649008339849,1.089432698020233,1.0939927874786979,1.0879957134019747,1.08670411680236,1.082383728798927,0.10858252322232599,0.7209748046627287,0.7492866539235475,0.6497548846631106,0.4271358429353433
114,0.48643003143488295,1.1031042163367013,1.1055312323040531,1.1242247616750622,1.1209051944578257,0.20258642133498878,0.22078668889451203,1.0032266875138471,0.34703334826307386,0.9844818171005323,1.0784591199103486,1.0843698309044103,1.0788207286441611,1.0828183544487626,1.0745577707519405,0.4397763823077362,0.5224404122365485,0.6447813237386277,0.5232270218021003,0.7310569770809863
115,0.549184857733143,1.1046090550600005,1.1063182261419895,1.1217799334289438,1.108082522676007,0.29244216103572185,0.21823222503850911,0.9988354149632818,0.9915324374698046,0.9990697622370078,1.0867038779061653,1.083659315964085,1.0832278160699933,1.0856490286388731,1.0820603938595907,0.47477576080162076,0.02476779184017015,0.3808763426411273,0.0947527037210045,0.7717358290108934
116,0.6568433104914416,1.114400530945619,1.106042694770539,1.1102619828532174,1.1168949159246782,0.20904011573653447,0.6015696793799374,0.19311525990770093,0.999672290751292,0.9953593206209407,1.0869119743525468,1.0833008710097651,1.0859366107270962,1.0825252978061148,1.0846579913145884,0.6774643283397129,0.4069817018590838,0.514517745279326,0.7817796920374329,0.39786462378659443
117,0.8946999570174983,1.1104888026205606,1.1005323237111395,1.1170206400275156,0.4703929889787257,0.9180270388394908,0.9980893399575526,0.31179170743355494,0.9977673917911484,0.9899261406439569,1.087264402056092,1.0928947773428184,1.0791847082892112,1.085195732966023,1.0746069794475863,0.10430529817400012,0.6078410599643428,0.5010199859872059,0.265770106443756,0.5159788226793162
118,0.6734146177630297,1.1068533507476184,1.1025629168291138,0.8539964581645748,1.1110159476240247,0.18087982850609555,0.4941995694511677,1.0094144782054917,0.9863685041369782,0.9751553098009884,1.0859293602959241,1.0753229029969826,1.0902724274430653,1.0841962256520772,1.0672464232328098,0.011808454816863474,0.36861952295613487,0.15338808178595636,0.5277406055226336,0.5015065709587136
119,0.5582912562827718,1.110928091114237,1.1111910869171042,1.1237897442555398,0.9462894629202946,0.14443574743377366,0.4791599928975417,0.38141746479280847,0.7591913753991439,0.40874275912588093,1.0885872505749699,1.0851506636263788,1.085314184695448,1.0811355527278632,0.8805539581561758,0.7975322042186134,0.04192986917221209,0.1364771365210495,0.6584145638153441,0.8737578230673245
120,0.4850671098839255,1.1142083995399321,1.113926635860519,1.113095078771163,1.1097337245016503,0.15519439532946064,0.7997464386300364,0.8050559648930877,0.3063727574097997,1.0000106802001698,1.0876144737744542,1.0831705049326221,1.077954212677985,1.0754159302619508,1.071547320086121,0.12933453094987227,0.08346540694702526,0.39464717313121217,0.5017094494056704,0.0003325813966411274
121,0.4804274537513219,1.1058026316755882,1.1010154017509997,1.1134908660899474,0.9919201443573262,0.18361917223462337,0.9199799727419006,0.9729237613549266,0.37103310322238986,1.0001542455966814,1.0772964370785705,1.0842962691268905,1.0833988713649643,1.083993795698718,1.0806429856269302,0.15374326202778635,0.19194362647984317,0.8061530309052554,0.825543851138932,0.7398602554074708
122,0.5758221134736039,1.0933604026063215,1.120488706136827,1.1238587186208522,1.1032205064978884,0.2566893655052001,0.6521399510408021,0.9906307041040675,0.5436526315610983,0.6180063805133893,1.0833248080986124,0.7753820888561124,1.0840008443932032,1.0814287603224495,1.0752706149637041,0.033943937577170305,0.15030026699087445,0.17553818667821608,0.829870601133429,0.8040684408897941
123,0.4658713354583021,1.1063735119720766,1.1109354553895687,1.1131069505021476,1.1044506022417686,0.12269351140973922,0.16846179751402868,0.9721896533983533,0.9999254605187148,0.9172194809891878,1.0871346770875183,1.0904957100939625,1.079050427738528,1.072631889049344,1.0849779295822708,0.22094660666563626,0.52500104134502,0.21376293884876488,0.8349851195603306,0.7894388615245631
124,0.47823569881685835,1.1021946635561386,1.110339203358307,1.113599379461616,1.1339533554364982,0.10415228701402092,0.2202031681965142,0.26076761313145197,0.2394158266008987,0.9765041248773131,1.0869155308883973,1.0823839473449026,1.0780625017529892,1.0820868492686857,1.0736754148633436,0.10026341006947306,0.4845405455439008,0.835392823932537,0.40098099786994074,0.818530493157505
125,0.7425195561874062,1.111823089079556,1.1066879046351619,1.0710540709389038,1.1129158231100533,0.24421395362877948,0.49202258979668,0.9827610934026172,0.9868428299764606,0.9688174395233448,1.0839309009476006,1.0831437275110656,1.0858008606798746,1.0818664641635742,1.089310055909457,0.1555468653794623,0.4388532878519993,0.6658866081111419,0.8180696830245474,0.8517312457427609
126,0.6544254345262016,1.1024815903122263,1.1065313350626342,1.1106767629875245,1.1284292533901965,0.12498198514071435,0.9022652345422183,0.34812294643107006,0.6615390283453628,0.9708234177042055,1.0571361272416229,1.090118043301122,1.0806263731005277,0.9335352242808683,1.0824982017675682,0.10214843006946152,0.08205696712456471,0.14727928629242262,0.22310219799466038,0.8615962965653133
127,0.572945186782025,1.108798866132166,1.1109795209808235,1.1129708212941956,1.0931174587900319,0.7637439232941102,0.2280380699248257,0.30736839217573847,0.9147858287017252,0.9677537148029863,1.0851509263882788,0.6934757576365048,1.087341336370434,1.087809093829897,1.0802763091895786,0.7164379381194959,0.23935045512690303,0.762128001432434,0.0934171937776004,0.7980505665259156
128,0.5738028999561552,1.1059467266183312,1.1239345353320251,1.1233176153031885,1.1213774402345875,0.12393460834865958,0.23332902600877764,0.9262641235653589,0.5682081669470348,0.9868022903988335,1.0825690343113892,1.0881756679645458,1.0868768708996088,1.0772102698742796,1.0795833400768555,0.5990765662062703,0.6731856364587564,0.04247782925996609,0.5191189801088506,0.7935198178447198
129,0.5435963497483888,1.1002182975259316,1.1146947329673864,1.1099755411037597,1.1155486569908029,0.2159869180471671,0.9217451661747571,0.7056673205559794,0.49283167869466593,0.5761767028866476,1.0759067027767864,1.0901401049647006,1.0789289967804485,1.0784587513710036,0.22243209723793214,0.6935978806321755,0.29659678010955853,0.7515514900114925,0.8366075963055836,0.8543561876999816
130,0.6339216776853014,1.1061778201816823,1.1095177492070498,1.1077533935925987,1.1052213158732256,0.2422675305740462,0.7044043892656218,0.4774322341693384,1.0012620729131028,0.9328953696408876,1.0862230232816907,1.0856703753827468,1.0732037733463327,1.0840950346240554,1.0839133451599399,0.044645751602709914,0.5285590614993543,0.548369674130014,0.8217874763366492,0.4393206244793393
131,0.4829898272192838,1.1051956869094914,1.1095416575621933,1.1391121498397592,1.1076149621454343,0.21234393107600377,0.6380567994354632,0.3143992469526591,0.9955036397762358,0.9810507120943547,1.0854146139849297,1.0819102634933893,1.0778880242376436,1.0820823859314108,1.0764608981387724,0.13038070788431724,0.055733055216292994,0.3482210090474575,0.7923962138543024,0.7264075268223675
132,0.6070299835251008,1.0983792836048794,1.1188171435114003,1.1199447163377205,0.8791426743042451,0.22165030936823085,0.9629341596906525,0.7407015198642983,1.0240901171072456,0.9807246016223651,1.081626875659676,1.0815357427760737,1.0826178052752977,1.0443087646324103,1.045069878142257,0.05448945164197197,0.09495220051491017,0.054649395000001766,0.44196817533799443,0.8573376957698818
133,0.5512940780974583,1.1015614249163734,1.1082606784580278,1.1199373516645525,1.1360015420505751,0.09017229240672413,0.9950155855398158,0.31350798954999043,0.9970511029856038,0.9684368764103851,1.0872007046377332,0.8006956436392416,1.0866882574993824,1.074642074382362,1.0846489989274144,0.05387096779357515,0.1310290915112562,0.7941010195059446,0.8553244438476061,0.8414059014536243
134,0.48258968998827073,1.1014556121329546,1.0996761817942786,1.1098645389803423,1.114170764858037,0.24973211496958914,0.5823413414344099,0.31423550303979575,0.9986445993894553,0.31075613372660876,1.0879291951549956,0.8376183775390115,1.07874724467591,1.0879438778159334,1.0766436882577426,0.11800908020975374,0.05521020298944229,0.6062742176388732,0.35899731646207933,0.8250476625064794
135,0.4871054125866931,1.1120487357117623,1.1023264601856144,0.7150366407685075,0.452094638265517,0.5491393956184584,0.1871935127654229,0.4063007425657432,0.9965023120960834,0.978614339938656,1.0808499326520724,1.081690354146187,1.0881622347704125,1.0773545311439492,1.0814858382604278,0.046433641224171186,0.3824713860476577,0.2846908301133303,-0.0015462719311311595,0.8046924583357314
136,0.5689796970692127,1.1217661123344316,1.118014643122134,1.1258443074081517,1.1111368715915255,0.14698725017606357,0.21142286845859987,0.8897332562812782,0.308695485471694,0.5792922642536927,1.0827646798392911,1.083100375064543,1.0887289141118033,1.0833123021220896,1.0882410597407168,0.19180043637742558,0.7865278612714042,0.13186316173114318,0.7681733325896712,0.5989066136767871
137,0.48277711744676133,1.1009632183580704,1.1042794990142528,1.1386168561969123,1.1118639066860183,0.08971769736147898,0.37570615202194807,0.7439065859041514,0.9992288855846361,0.43208639356201234,1.0820844162493046,1.0677170479271862,1.0799328695024975,1.0858889741815114,1.092881953265625,0.5528669434898703,0.8528721043495655,0.8162166914531641,0.8299958846808322,0.8339229957840071
138,0.7370603268155598,1.093115806020709,1.1124929315704932,0.43107089670959775,0.5378704610121819,0.3030207982931743,0.03694863272594859,0.4075780179952611,0.5702063941061416,1.0332386530818856,1.083666202557803,0.6598312676179949,0.3081028200719546,1.0848934840978315,1.0767453627464765,0.10445435889009715,0.7377806852773857,0.8264566976732348,0.8567704067363558,0.4965805728044006
139,0.7315960474025965,1.1169013313576452,1.1569233892416813,1.120911787299504,1.1304608284018263,0.21694153628252752,0.6383737679962849,0.4659265726103488,0.9851757587160569,0.9293098029734244,1.0862484381428188,1.0849850171544295,1.0738728721399806,1.0812964529993974,1.089694184297406,0.5774438396875198,0.38988700687411204,0.8340601635084439,0.6749280921622393,0.7933992618079164
140,0.5554816069510565,1.1198422798323535,1.1085413286051844,1.117336839955885,1.1210064945246103,0.7434067526554382,0.7495897614103699,0.49302767680931775,0.9945376071986853,1.0025931479348644,1.0843685222611137,0.8545016720849055,1.0820615646553746,1.079629798440887,1.0555051351463542,0.13672238445893636,0.8010526520746384,0.7759066578791558,0.6442624134523048,0.6734836450192209
141,0.5290696949430607,1.103821568397901,1.1119301211218258,1.1196051211928113,0.9181551280299658,0.09058031671647354,0.46387964113373353,0.6198283310800419,0.742091778410737,0.9878872630066514,1.0870820513315769,1.0846042945050627,0.8739083162905364,1.0625249794026044,1.074544444938369,0.5005434121470619,0.6962965847912399,0.4162112261467181,0.47689294052019,0.8081537228062992
142,0.7326125720237094,0.9072783439155977,1.1185921163387014,1.136336604996216,1.1055200649696253,0.29568544969769106,0.09683896182712705,0.24725560419922676,0.8072766918501763,0.30012017139104835,1.0857374288957866,1.0782102363258097,1.0704733507778283,1.0732157075224498,1.0850122631586427,0.8164017024720263,0.8627444307924884,0.5034721371384128,0.44108433223788596,0.5267632728520242
143,0.4884912358179017,0.38340675687910336,1.1074572280911348,0.5635297696223748,0.5053925920247403,0.21954230724093465,0.7471555855970716,0.6563859201572935,0.28106495945454996,0.4030277002143189,1.0878217609405614,1.0883476518660677,1.0883505376523064,1.089832743165536,1.0812921858927222,0.6930048393493813,0.7459903780713223,0.5788356397362712,0.8744992074167046,0.1461573490175106
144,0.4848644710574232,0.4782243433271236,1.110906170623363,0.5365046142164555,1.11967024845555,0.14536654237333652,0.7029709493904001,0.9962740043698445,0.9995273786058638,0.4244812412525627,1.0778574142696449,0.7441247106644902,1.0833202116653502,1.0841809885731881,1.0740727774200627,0.394224726038147,0.5550823516892583,0.4163604692902763,0.660937676780899,0.5285903243270795
145,0.5511962908906629,1.1010239224949687,1.12510188956419,1.124778983754426,1.1152454775235423,0.14043180853081827,0.9760541596040228,0.24834249811993905,0.9996844517231112,0.8282756511708822,1.0835107849768544,0.5666044777202108,1.0860943681437267,1.0872921440989967,1.0954999815253088,0.06233535714233283,0.29004705287722016,0.8530140364458254,0.839346870786267,0.7777103408023325
146,0.5704651147766665,1.1045758467056552,0.6677980704116558,0.9019909582356734,1.1121076860921972,0.22805997293322794,0.8146623573871221,0.20622220762824284,0.36602159625684655,0.996565045379791,1.0868484884790433,0.2560222703690138,1.087395589468607,1.0803761927303275,1.0600724606138088,0.6327658113578742,0.012494580159816948,0.6864498874827243,0.5135851182156447,0.5285481522186738
147,0.4841302666780797,1.1140762594465137,1.1148649448337233,1.1342318501206081,1.14844322015055,0.275318828553026,0.6545537285785895,0.9792196522086539,0.317019488947167,0.37782602674999405,1.0800663681559146,0.5838036684350976,1.0809030189690187,1.0905073788179462,1.0858512285474045,0.7368658235042902,0.17724054511793053,0.8679052559773881,0.8224948288094209,0.7574290470797245
148,0.5029672627177042,1.1082399613174558,1.1102644470506495,0.6681224267584968,1.1081227051734626,0.13684870483712033,0.9371631964799707,0.6901269981947368,0.35020284502253446,0.9913673518400545,1.0864172763556814,1.0854973791166924,1.0750163132990405,1.0840044392725972,1.083487957087499,0.2093005096533916,0.11438342314599474,0.55061924144308,0.07905928412997479,0.841458755890072
149,0.7057851267240737,1.1053098619337944,1.1124460055586827,1.1296778524449465,1.0990440528854033,0.2299529152955779,0.9523396870985821,1.0035552149009552,0.9969915854690028,0.8432092010201443,1.0882662156786524,0.8321745492932285,1.0825434050102078,1.0830555398952577,1.0836359378036922,0.09828022698112412,0.8070312194021255,0.6235258613816377,0.258750192496028,0.8331012216523903
Average,0.5487084655433166,1.0618966382996822,1.100906943183688,1.0438133547491997,1.0370692253231633,0.23561769432765814,0.6008068535597105,0.6562241657332115,0.7834893476447624,0.8696797152929131,1.0847300730083735,1.0039213866901036,1.066030063883325,1.0803225335019202,1.0544954141477865,0.30980865377897804,0.41258469837661116,0.5282439142834089,0.6000076395566368,0.6356748372755942
StdError,0.0070153178349734125,0.012617576306432763,0.0050322820136208726,0.014450495818397767,0.01603687348662343,0.012211343684655988,0.023290340889615697,0.02336080427598725,0.023344145449091594,0.017998002627009294,0.00032926059395804784,0.01448550221352686,0.00791452109013889,0.0011400789456500898,0.009540224476962213,0.022438131098563678,0.023635666459641044,0.022684385381374572,0.020385433795281096,0.020019053830650595
